Typeface name,Dingbat dec,Dingbat hex,Unicode dec,Unicode hex
Symbol,32,20,32,20
Symbol,33,21,33,21
Symbol,34,22,8704,2200
Symbol,35,23,35,23
Symbol,36,24,8707,2203
Symbol,37,25,37,25
Symbol,38,26,38,26
Symbol,39,27,8717,220D
Symbol,40,28,40,28
Symbol,41,29,41,29
Symbol,42,2A,42,2A
Symbol,43,2B,43,2B
Symbol,44,2C,44,2C
Symbol,45,2D,8722,2212
Symbol,46,2E,46,2E
Symbol,47,2F,47,2F
Symbol,48,30,48,30
Symbol,49,31,49,31
Symbol,50,32,50,32
Symbol,51,33,51,33
Symbol,52,34,52,34
Symbol,53,35,53,35
Symbol,54,36,54,36
Symbol,55,37,55,37
Symbol,56,38,56,38
Symbol,57,39,57,39
Symbol,58,3A,58,3A
Symbol,59,3B,59,3B
Symbol,60,3C,60,3C
Symbol,61,3D,61,3D
Symbol,62,3E,62,3E
Symbol,63,3F,63,3F
Symbol,64,40,8773,2245
Symbol,65,41,913,391
Symbol,66,42,914,392
Symbol,67,43,935,3A7
Symbol,68,44,916,394
Symbol,69,45,917,395
Symbol,70,46,934,3A6
Symbol,71,47,915,393
Symbol,72,48,919,397
Symbol,73,49,921,399
Symbol,74,4A,977,3D1
Symbol,75,4B,922,39A
Symbol,76,4C,923,39B
Symbol,77,4D,924,39C
Symbol,78,4E,925,39D
Symbol,79,4F,927,39F
Symbol,80,50,928,3A0
Symbol,81,51,920,398
Symbol,82,52,929,3A1
Symbol,83,53,931,3A3
Symbol,84,54,932,3A4
Symbol,85,55,933,3A5
Symbol,86,56,962,3C2
Symbol,87,57,937,3A9
Symbol,88,58,926,39E
Symbol,89,59,936,3A8
Symbol,90,5A,918,396
Symbol,91,5B,91,5B
Symbol,92,5C,8756,2234
Symbol,93,5D,93,5D
Symbol,94,5E,8869,22A5
Symbol,95,5F,95,5F
Symbol,96,60,8254,203E
Symbol,97,61,945,3B1
Symbol,98,62,946,3B2
Symbol,99,63,967,3C7
Symbol,100,64,948,3B4
Symbol,101,65,949,3B5
Symbol,102,66,966,3C6
Symbol,103,67,947,3B3
Symbol,104,68,951,3B7
Symbol,105,69,953,3B9
Symbol,106,6A,981,3D5
Symbol,107,6B,954,3BA
Symbol,108,6C,955,3BB
Symbol,109,6D,956,3BC
Symbol,110,6E,957,3BD
Symbol,111,6F,959,3BF
Symbol,112,70,960,3C0
Symbol,113,71,952,3B8
Symbol,114,72,961,3C1
Symbol,115,73,963,3C3
Symbol,116,74,964,3C4
Symbol,117,75,965,3C5
Symbol,118,76,982,3D6
Symbol,119,77,969,3C9
Symbol,120,78,958,3BE
Symbol,121,79,968,3C8
Symbol,122,7A,950,3B6
Symbol,123,7B,123,7B
Symbol,124,7C,124,7C
Symbol,125,7D,125,7D
Symbol,126,7E,126,7E
Symbol,160,A0,8364,20AC
Symbol,161,A1,978,3D2
Symbol,162,A2,8242,2032
Symbol,163,A3,8804,2264
Symbol,164,A4,8260,2044
Symbol,165,A5,8734,221E
Symbol,166,A6,402,192
Symbol,167,A7,9827,2663
Symbol,168,A8,9830,2666
Symbol,169,A9,9829,2665
Symbol,170,AA,9824,2660
Symbol,171,AB,8596,2194
Symbol,172,AC,8592,2190
Symbol,173,AD,8593,2191
Symbol,174,AE,8594,2192
Symbol,175,AF,8595,2193
Symbol,176,B0,176,B0
Symbol,177,B1,177,B1
Symbol,178,B2,8243,2033
Symbol,179,B3,8805,2265
Symbol,180,B4,215,D7
Symbol,181,B5,8733,221D
Symbol,182,B6,8706,2202
Symbol,183,B7,8226,2022
Symbol,184,B8,247,F7
Symbol,185,B9,8800,2260
Symbol,186,BA,8801,2261
Symbol,187,BB,8776,2248
Symbol,188,BC,8230,2026
Symbol,189,BD,9168,23D0
Symbol,190,BE,9135,23AF
Symbol,191,BF,8629,21B5
Symbol,192,C0,8501,2135
Symbol,193,C1,8465,2111
Symbol,194,C2,8476,211C
Symbol,195,C3,8472,2118
Symbol,196,C4,8855,2297
Symbol,197,C5,8853,2295
Symbol,198,C6,8709,2205
Symbol,199,C7,8745,2229
Symbol,200,C8,8746,222A
Symbol,201,C9,8835,2283
Symbol,202,CA,8839,2287
Symbol,203,CB,8836,2284
Symbol,204,CC,8834,2282
Symbol,205,CD,8838,2286
Symbol,206,CE,8712,2208
Symbol,207,CF,8713,2209
Symbol,208,D0,8736,2220
Symbol,209,D1,8711,2207
Symbol,210,D2,174,AE
Symbol,211,D3,169,A9
Symbol,212,D4,8482,2122
Symbol,213,D5,8719,220F
Symbol,214,D6,8730,221A
Symbol,215,D7,8901,22C5
Symbol,216,D8,172,AC
Symbol,217,D9,8743,2227
Symbol,218,DA,8744,2228
Symbol,219,DB,8660,21D4
Symbol,220,DC,8656,21D0
Symbol,221,DD,8657,21D1
Symbol,222,DE,8658,21D2
Symbol,223,DF,8659,21D3
Symbol,224,E0,9674,25CA
Symbol,225,E1,12296,3008
Symbol,226,E2,174,AE
Symbol,227,E3,169,A9
Symbol,228,E4,8482,2122
Symbol,229,E5,8721,2211
Symbol,230,E6,9115,239B
Symbol,231,E7,9116,239C
Symbol,232,E8,9117,239D
Symbol,233,E9,9121,23A1
Symbol,234,EA,9122,23A2
Symbol,235,EB,9123,23A3
Symbol,236,EC,9127,23A7
Symbol,237,ED,9128,23A8
Symbol,238,EE,9129,23A9
Symbol,239,EF,9130,23AA
Symbol,240,F0,63743,F8FF
Symbol,241,F1,12297,3009
Symbol,242,F2,8747,222B
Symbol,243,F3,8992,2320
Symbol,244,F4,9134,23AE
Symbol,245,F5,8993,2321
Symbol,246,F6,9118,239E
Symbol,247,F7,9119,239F
Symbol,248,F8,9120,23A0
Symbol,249,F9,9124,23A4
Symbol,250,FA,9125,23A5
Symbol,251,FB,9126,23A6
Symbol,252,FC,9131,23AB
Symbol,253,FD,9132,23AC
Symbol,254,FE,9133,23AD
Webdings,32,20,32,20
Webdings,33,21,128375,1F577
Webdings,34,22,128376,1F578
Webdings,35,23,128370,1F572
Webdings,36,24,128374,1F576
Webdings,37,25,127942,1F3C6
Webdings,38,26,127894,1F396
Webdings,39,27,128391,1F587
Webdings,40,28,128488,1F5E8
Webdings,41,29,128489,1F5E9
Webdings,42,2A,128496,1F5F0
Webdings,43,2B,128497,1F5F1
Webdings,44,2C,127798,1F336
Webdings,45,2D,127895,1F397
Webdings,46,2E,128638,1F67E
Webdings,47,2F,128636,1F67C
Webdings,48,30,128469,1F5D5
Webdings,49,31,128470,1F5D6
Webdings,50,32,128471,1F5D7
Webdings,51,33,9204,23F4
Webdings,52,34,9205,23F5
Webdings,53,35,9206,23F6
Webdings,54,36,9207,23F7
Webdings,55,37,9194,23EA
Webdings,56,38,9193,23E9
Webdings,57,39,9198,23EE
Webdings,58,3A,9197,23ED
Webdings,59,3B,9208,23F8
Webdings,60,3C,9209,23F9
Webdings,61,3D,9210,23FA
Webdings,62,3E,128474,1F5DA
Webdings,63,3F,128499,1F5F3
Webdings,64,40,128736,1F6E0
Webdings,65,41,127959,1F3D7
Webdings,66,42,127960,1F3D8
Webdings,67,43,127961,1F3D9
Webdings,68,44,127962,1F3DA
Webdings,69,45,127964,1F3DC
Webdings,70,46,127981,1F3ED
Webdings,71,47,127963,1F3DB
Webdings,72,48,127968,1F3E0
Webdings,73,49,127958,1F3D6
Webdings,74,4A,127965,1F3DD
Webdings,75,4B,128739,1F6E3
Webdings,76,4C,128269,1F50D
Webdings,77,4D,127956,1F3D4
Webdings,78,4E,128065,1F441
Webdings,79,4F,128066,1F442
Webdings,80,50,127966,1F3DE
Webdings,81,51,127957,1F3D5
Webdings,82,52,128740,1F6E4
Webdings,83,53,127967,1F3DF
Webdings,84,54,128755,1F6F3
Webdings,85,55,128364,1F56C
Webdings,86,56,128363,1F56B
Webdings,87,57,128360,1F568
Webdings,88,58,128264,1F508
Webdings,89,59,127892,1F394
Webdings,90,5A,127893,1F395
Webdings,91,5B,128492,1F5EC
Webdings,92,5C,128637,1F67D
Webdings,93,5D,128493,1F5ED
Webdings,94,5E,128490,1F5EA
Webdings,95,5F,128491,1F5EB
Webdings,96,60,11156,2B94
Webdings,97,61,10004,2714
Webdings,98,62,128690,1F6B2
Webdings,99,63,11036,2B1C
Webdings,100,64,128737,1F6E1
Webdings,101,65,128230,1F4E6
Webdings,102,66,128753,1F6F1
Webdings,103,67,11035,2B1B
Webdings,104,68,128657,1F691
Webdings,105,69,128712,1F6C8
Webdings,106,6A,128745,1F6E9
Webdings,107,6B,128752,1F6F0
Webdings,108,6C,128968,1F7C8
Webdings,109,6D,128372,1F574
Webdings,110,6E,11044,2B24
Webdings,111,6F,128741,1F6E5
Webdings,112,70,128660,1F694
Webdings,113,71,128472,1F5D8
Webdings,114,72,128473,1F5D9
Webdings,115,73,10067,2753
Webdings,116,74,128754,1F6F2
Webdings,117,75,128647,1F687
Webdings,118,76,128653,1F68D
Webdings,119,77,9971,26F3
Webdings,120,78,10680,29B8
Webdings,121,79,8854,2296
Webdings,122,7A,128685,1F6AD
Webdings,123,7B,128494,1F5EE
Webdings,124,7C,9168,23D0
Webdings,125,7D,128495,1F5EF
Webdings,126,7E,128498,1F5F2
Webdings,128,80,128697,1F6B9
Webdings,129,81,128698,1F6BA
Webdings,130,82,128713,1F6C9
Webdings,131,83,128714,1F6CA
Webdings,132,84,128700,1F6BC
Webdings,133,85,128125,1F47D
Webdings,134,86,127947,1F3CB
Webdings,135,87,9975,26F7
Webdings,136,88,127938,1F3C2
Webdings,137,89,127948,1F3CC
Webdings,138,8A,127946,1F3CA
Webdings,139,8B,127940,1F3C4
Webdings,140,8C,127949,1F3CD
Webdings,141,8D,127950,1F3CE
Webdings,142,8E,128664,1F698
Webdings,143,8F,128480,1F5E0
Webdings,144,90,128738,1F6E2
Webdings,145,91,128176,1F4B0
Webdings,146,92,127991,1F3F7
Webdings,147,93,128179,1F4B3
Webdings,148,94,128106,1F46A
Webdings,149,95,128481,1F5E1
Webdings,150,96,128482,1F5E2
Webdings,151,97,128483,1F5E3
Webdings,152,98,10031,272F
Webdings,153,99,128388,1F584
Webdings,154,9A,128389,1F585
Webdings,155,9B,128387,1F583
Webdings,156,9C,128390,1F586
Webdings,157,9D,128441,1F5B9
Webdings,158,9E,128442,1F5BA
Webdings,159,9F,128443,1F5BB
Webdings,160,A0,128373,1F575
Webdings,161,A1,128368,1F570
Webdings,162,A2,128445,1F5BD
Webdings,163,A3,128446,1F5BE
Webdings,164,A4,128203,1F4CB
Webdings,165,A5,128466,1F5D2
Webdings,166,A6,128467,1F5D3
Webdings,167,A7,128366,1F56E
Webdings,168,A8,128218,1F4DA
Webdings,169,A9,128478,1F5DE
Webdings,170,AA,128479,1F5DF
Webdings,171,AB,128451,1F5C3
Webdings,172,AC,128450,1F5C2
Webdings,173,AD,128444,1F5BC
Webdings,174,AE,127917,1F3AD
Webdings,175,AF,127900,1F39C
Webdings,176,B0,127896,1F398
Webdings,177,B1,127897,1F399
Webdings,178,B2,127911,1F3A7
Webdings,179,B3,128191,1F4BF
Webdings,180,B4,127902,1F39E
Webdings,181,B5,128247,1F4F7
Webdings,182,B6,127903,1F39F
Webdings,183,B7,127916,1F3AC
Webdings,184,B8,128253,1F4FD
Webdings,185,B9,128249,1F4F9
Webdings,186,BA,128254,1F4FE
Webdings,187,BB,128251,1F4FB
Webdings,188,BC,127898,1F39A
Webdings,189,BD,127899,1F39B
Webdings,190,BE,128250,1F4FA
Webdings,191,BF,128187,1F4BB
Webdings,192,C0,128421,1F5A5
Webdings,193,C1,128422,1F5A6
Webdings,194,C2,128423,1F5A7
Webdings,195,C3,128377,1F579
Webdings,196,C4,127918,1F3AE
Webdings,197,C5,128379,1F57B
Webdings,198,C6,128380,1F57C
Webdings,199,C7,128223,1F4DF
Webdings,200,C8,128385,1F581
Webdings,201,C9,128384,1F580
Webdings,202,CA,128424,1F5A8
Webdings,203,CB,128425,1F5A9
Webdings,204,CC,128447,1F5BF
Webdings,205,CD,128426,1F5AA
Webdings,206,CE,128476,1F5DC
Webdings,207,CF,128274,1F512
Webdings,208,D0,128275,1F513
Webdings,209,D1,128477,1F5DD
Webdings,210,D2,128229,1F4E5
Webdings,211,D3,128228,1F4E4
Webdings,212,D4,128371,1F573
Webdings,213,D5,127779,1F323
Webdings,214,D6,127780,1F324
Webdings,215,D7,127781,1F325
Webdings,216,D8,127782,1F326
Webdings,217,D9,9729,2601
Webdings,218,DA,127784,1F328
Webdings,219,DB,127783,1F327
Webdings,220,DC,127785,1F329
Webdings,221,DD,127786,1F32A
Webdings,222,DE,127788,1F32C
Webdings,223,DF,127787,1F32B
Webdings,224,E0,127772,1F31C
Webdings,225,E1,127777,1F321
Webdings,226,E2,128715,1F6CB
Webdings,227,E3,128719,1F6CF
Webdings,228,E4,127869,1F37D
Webdings,229,E5,127864,1F378
Webdings,230,E6,128718,1F6CE
Webdings,231,E7,128717,1F6CD
Webdings,232,E8,9413,24C5
Webdings,233,E9,9855,267F
Webdings,234,EA,128710,1F6C6
Webdings,235,EB,128392,1F588
Webdings,236,EC,127891,1F393
Webdings,237,ED,128484,1F5E4
Webdings,238,EE,128485,1F5E5
Webdings,239,EF,128486,1F5E6
Webdings,240,F0,128487,1F5E7
Webdings,241,F1,128746,1F6EA
Webdings,242,F2,128063,1F43F
Webdings,243,F3,128038,1F426
Webdings,244,F4,128031,1F41F
Webdings,245,F5,128021,1F415
Webdings,246,F6,128008,1F408
Webdings,247,F7,128620,1F66C
Webdings,248,F8,128622,1F66E
Webdings,249,F9,128621,1F66D
Webdings,250,FA,128623,1F66F
Webdings,251,FB,128506,1F5FA
Webdings,252,FC,127757,1F30D
Webdings,253,FD,127759,1F30F
Webdings,254,FE,127758,1F30E
Webdings,255,FF,128330,1F54A
Wingdings,32,20,32,20
Wingdings,33,21,128393,1F589
Wingdings,34,22,9986,2702
Wingdings,35,23,9985,2701
Wingdings,36,24,128083,1F453
Wingdings,37,25,128365,1F56D
Wingdings,38,26,128366,1F56E
Wingdings,39,27,128367,1F56F
Wingdings,40,28,128383,1F57F
Wingdings,41,29,9990,2706
Wingdings,42,2A,128386,1F582
Wingdings,43,2B,128387,1F583
Wingdings,44,2C,128234,1F4EA
Wingdings,45,2D,128235,1F4EB
Wingdings,46,2E,128236,1F4EC
Wingdings,47,2F,128237,1F4ED
Wingdings,48,30,128448,1F5C0
Wingdings,49,31,128449,1F5C1
Wingdings,50,32,128462,1F5CE
Wingdings,51,33,128463,1F5CF
Wingdings,52,34,128464,1F5D0
Wingdings,53,35,128452,1F5C4
Wingdings,54,36,8987,231B
Wingdings,55,37,128430,1F5AE
Wingdings,56,38,128432,1F5B0
Wingdings,57,39,128434,1F5B2
Wingdings,58,3A,128435,1F5B3
Wingdings,59,3B,128436,1F5B4
Wingdings,60,3C,128427,1F5AB
Wingdings,61,3D,128428,1F5AC
Wingdings,62,3E,9991,2707
Wingdings,63,3F,9997,270D
Wingdings,64,40,128398,1F58E
Wingdings,65,41,9996,270C
Wingdings,66,42,128399,1F58F
Wingdings,67,43,128077,1F44D
Wingdings,68,44,128078,1F44E
Wingdings,69,45,9756,261C
Wingdings,70,46,9758,261E
Wingdings,71,47,9757,261D
Wingdings,72,48,9759,261F
Wingdings,73,49,128400,1F590
Wingdings,74,4A,9786,263A
Wingdings,75,4B,128528,1F610
Wingdings,76,4C,9785,2639
Wingdings,77,4D,128163,1F4A3
Wingdings,78,4E,128369,1F571
Wingdings,79,4F,127987,1F3F3
Wingdings,80,50,127985,1F3F1
Wingdings,81,51,9992,2708
Wingdings,82,52,9788,263C
Wingdings,83,53,127778,1F322
Wingdings,84,54,10052,2744
Wingdings,85,55,128326,1F546
Wingdings,86,56,10014,271E
Wingdings,87,57,128328,1F548
Wingdings,88,58,10016,2720
Wingdings,89,59,10017,2721
Wingdings,90,5A,9770,262A
Wingdings,91,5B,9775,262F
Wingdings,92,5C,128329,1F549
Wingdings,93,5D,9784,2638
Wingdings,94,5E,9800,2648
Wingdings,95,5F,9801,2649
Wingdings,96,60,9802,264A
Wingdings,97,61,9803,264B
Wingdings,98,62,9804,264C
Wingdings,99,63,9805,264D
Wingdings,100,64,9806,264E
Wingdings,101,65,9807,264F
Wingdings,102,66,9808,2650
Wingdings,103,67,9809,2651
Wingdings,104,68,9810,2652
Wingdings,105,69,9811,2653
Wingdings,106,6A,128624,1F670
Wingdings,107,6B,128629,1F675
Wingdings,108,6C,9899,26AB
Wingdings,109,6D,128318,1F53E
Wingdings,110,6E,9724,25FC
Wingdings,111,6F,128911,1F78F
Wingdings,112,70,128912,1F790
Wingdings,113,71,10065,2751
Wingdings,114,72,10066,2752
Wingdings,115,73,128927,1F79F
Wingdings,116,74,10731,29EB
Wingdings,117,75,9670,25C6
Wingdings,118,76,10070,2756
Wingdings,119,77,11049,2B29
Wingdings,120,78,8999,2327
Wingdings,121,79,11193,2BB9
Wingdings,122,7A,8984,2318
Wingdings,123,7B,127989,1F3F5
Wingdings,124,7C,127990,1F3F6
Wingdings,125,7D,128630,1F676
Wingdings,126,7E,128631,1F677
Wingdings,127,7F,9647,25AF
Wingdings,128,80,127243,1F10B
Wingdings,129,81,10112,2780
Wingdings,130,82,10113,2781
Wingdings,131,83,10114,2782
Wingdings,132,84,10115,2783
Wingdings,133,85,10116,2784
Wingdings,134,86,10117,2785
Wingdings,135,87,10118,2786
Wingdings,136,88,10119,2787
Wingdings,137,89,10120,2788
Wingdings,138,8A,10121,2789
Wingdings,139,8B,127244,1F10C
Wingdings,140,8C,10122,278A
Wingdings,141,8D,10123,278B
Wingdings,142,8E,10124,278C
Wingdings,143,8F,10125,278D
Wingdings,144,90,10126,278E
Wingdings,145,91,10127,278F
Wingdings,146,92,10128,2790
Wingdings,147,93,10129,2791
Wingdings,148,94,10130,2792
Wingdings,149,95,10131,2793
Wingdings,150,96,128610,1F662
Wingdings,151,97,128608,1F660
Wingdings,152,98,128609,1F661
Wingdings,153,99,128611,1F663
Wingdings,154,9A,128606,1F65E
Wingdings,155,9B,128604,1F65C
Wingdings,156,9C,128605,1F65D
Wingdings,157,9D,128607,1F65F
Wingdings,158,9E,8729,2219
Wingdings,159,9F,8226,2022
Wingdings,160,A0,11037,2B1D
Wingdings,161,A1,11096,2B58
Wingdings,162,A2,128902,1F786
Wingdings,163,A3,128904,1F788
Wingdings,164,A4,128906,1F78A
Wingdings,165,A5,128907,1F78B
Wingdings,166,A6,128319,1F53F
Wingdings,167,A7,9642,25AA
Wingdings,168,A8,128910,1F78E
Wingdings,169,A9,128961,1F7C1
Wingdings,170,AA,128965,1F7C5
Wingdings,171,AB,9733,2605
Wingdings,172,AC,128971,1F7CB
Wingdings,173,AD,128975,1F7CF
Wingdings,174,AE,128979,1F7D3
Wingdings,175,AF,128977,1F7D1
Wingdings,176,B0,11216,2BD0
Wingdings,177,B1,8982,2316
Wingdings,178,B2,11214,2BCE
Wingdings,179,B3,11215,2BCF
Wingdings,180,B4,11217,2BD1
Wingdings,181,B5,10026,272A
Wingdings,182,B6,10032,2730
Wingdings,183,B7,128336,1F550
Wingdings,184,B8,128337,1F551
Wingdings,185,B9,128338,1F552
Wingdings,186,BA,128339,1F553
Wingdings,187,BB,128340,1F554
Wingdings,188,BC,128341,1F555
Wingdings,189,BD,128342,1F556
Wingdings,190,BE,128343,1F557
Wingdings,191,BF,128344,1F558
Wingdings,192,C0,128345,1F559
Wingdings,193,C1,128346,1F55A
Wingdings,194,C2,128347,1F55B
Wingdings,195,C3,11184,2BB0
Wingdings,196,C4,11185,2BB1
Wingdings,197,C5,11186,2BB2
Wingdings,198,C6,11187,2BB3
Wingdings,199,C7,11188,2BB4
Wingdings,200,C8,11189,2BB5
Wingdings,201,C9,11190,2BB6
Wingdings,202,CA,11191,2BB7
Wingdings,203,CB,128618,1F66A
Wingdings,204,CC,128619,1F66B
Wingdings,205,CD,128597,1F655
Wingdings,206,CE,128596,1F654
Wingdings,207,CF,128599,1F657
Wingdings,208,D0,128598,1F656
Wingdings,209,D1,128592,1F650
Wingdings,210,D2,128593,1F651
Wingdings,211,D3,128594,1F652
Wingdings,212,D4,128595,1F653
Wingdings,213,D5,9003,232B
Wingdings,214,D6,8998,2326
Wingdings,215,D7,11160,2B98
Wingdings,216,D8,11162,2B9A
Wingdings,217,D9,11161,2B99
Wingdings,218,DA,11163,2B9B
Wingdings,219,DB,11144,2B88
Wingdings,220,DC,11146,2B8A
Wingdings,221,DD,11145,2B89
Wingdings,222,DE,11147,2B8B
Wingdings,223,DF,129128,1F868
Wingdings,224,E0,129130,1F86A
Wingdings,225,E1,129129,1F869
Wingdings,226,E2,129131,1F86B
Wingdings,227,E3,129132,1F86C
Wingdings,228,E4,129133,1F86D
Wingdings,229,E5,129135,1F86F
Wingdings,230,E6,129134,1F86E
Wingdings,231,E7,129144,1F878
Wingdings,232,E8,129146,1F87A
Wingdings,233,E9,129145,1F879
Wingdings,234,EA,129147,1F87B
Wingdings,235,EB,129148,1F87C
Wingdings,236,EC,129149,1F87D
Wingdings,237,ED,129151,1F87F
Wingdings,238,EE,129150,1F87E
Wingdings,239,EF,8678,21E6
Wingdings,240,F0,8680,21E8
Wingdings,241,F1,8679,21E7
Wingdings,242,F2,8681,21E9
Wingdings,243,F3,11012,2B04
Wingdings,244,F4,8691,21F3
Wingdings,245,F5,11009,2B01
Wingdings,246,F6,11008,2B00
Wingdings,247,F7,11011,2B03
Wingdings,248,F8,11010,2B02
Wingdings,249,F9,129196,1F8AC
Wingdings,250,FA,129197,1F8AD
Wingdings,251,FB,128502,1F5F6
Wingdings,252,FC,10003,2713
Wingdings,253,FD,128503,1F5F7
Wingdings,254,FE,128505,1F5F9
Wingdings 2,32,20,32,20
Wingdings 2,33,21,128394,1F58A
Wingdings 2,34,22,128395,1F58B
Wingdings 2,35,23,128396,1F58C
Wingdings 2,36,24,128397,1F58D
Wingdings 2,37,25,9988,2704
Wingdings 2,38,26,9984,2700
Wingdings 2,39,27,128382,1F57E
Wingdings 2,40,28,128381,1F57D
Wingdings 2,41,29,128453,1F5C5
Wingdings 2,42,2A,128454,1F5C6
Wingdings 2,43,2B,128455,1F5C7
Wingdings 2,44,2C,128456,1F5C8
Wingdings 2,45,2D,128457,1F5C9
Wingdings 2,46,2E,128458,1F5CA
Wingdings 2,47,2F,128459,1F5CB
Wingdings 2,48,30,128460,1F5CC
Wingdings 2,49,31,128461,1F5CD
Wingdings 2,50,32,128203,1F4CB
Wingdings 2,51,33,128465,1F5D1
Wingdings 2,52,34,128468,1F5D4
Wingdings 2,53,35,128437,1F5B5
Wingdings 2,54,36,128438,1F5B6
Wingdings 2,55,37,128439,1F5B7
Wingdings 2,56,38,128440,1F5B8
Wingdings 2,57,39,128429,1F5AD
Wingdings 2,58,3A,128431,1F5AF
Wingdings 2,59,3B,128433,1F5B1
Wingdings 2,60,3C,128402,1F592
Wingdings 2,61,3D,128403,1F593
Wingdings 2,62,3E,128408,1F598
Wingdings 2,63,3F,128409,1F599
Wingdings 2,64,40,128410,1F59A
Wingdings 2,65,41,128411,1F59B
Wingdings 2,66,42,128072,1F448
Wingdings 2,67,43,128073,1F449
Wingdings 2,68,44,128412,1F59C
Wingdings 2,69,45,128413,1F59D
Wingdings 2,70,46,128414,1F59E
Wingdings 2,71,47,128415,1F59F
Wingdings 2,72,48,128416,1F5A0
Wingdings 2,73,49,128417,1F5A1
Wingdings 2,74,4A,128070,1F446
Wingdings 2,75,4B,128071,1F447
Wingdings 2,76,4C,128418,1F5A2
Wingdings 2,77,4D,128419,1F5A3
Wingdings 2,78,4E,128401,1F591
Wingdings 2,79,4F,128500,1F5F4
Wingdings 2,80,50,128504,1F5F8
Wingdings 2,81,51,128501,1F5F5
Wingdings 2,82,52,9745,2611
Wingdings 2,83,53,11197,2BBD
Wingdings 2,84,54,9746,2612
Wingdings 2,85,55,11198,2BBE
Wingdings 2,86,56,11199,2BBF
Wingdings 2,87,57,128711,1F6C7
Wingdings 2,88,58,10680,29B8
Wingdings 2,89,59,128625,1F671
Wingdings 2,90,5A,128628,1F674
Wingdings 2,91,5B,128626,1F672
Wingdings 2,92,5C,128627,1F673
Wingdings 2,93,5D,8253,203D
Wingdings 2,94,5E,128633,1F679
Wingdings 2,95,5F,128634,1F67A
Wingdings 2,96,60,128635,1F67B
Wingdings 2,97,61,128614,1F666
Wingdings 2,98,62,128612,1F664
Wingdings 2,99,63,128613,1F665
Wingdings 2,100,64,128615,1F667
Wingdings 2,101,65,128602,1F65A
Wingdings 2,102,66,128600,1F658
Wingdings 2,103,67,128601,1F659
Wingdings 2,104,68,128603,1F65B
Wingdings 2,105,69,9450,24EA
Wingdings 2,106,6A,9312,2460
Wingdings 2,107,6B,9313,2461
Wingdings 2,108,6C,9314,2462
Wingdings 2,109,6D,9315,2463
Wingdings 2,110,6E,9316,2464
Wingdings 2,111,6F,9317,2465
Wingdings 2,112,70,9318,2466
Wingdings 2,113,71,9319,2467
Wingdings 2,114,72,9320,2468
Wingdings 2,115,73,9321,2469
Wingdings 2,116,74,9471,24FF
Wingdings 2,117,75,10102,2776
Wingdings 2,118,76,10103,2777
Wingdings 2,119,77,10104,2778
Wingdings 2,120,78,10105,2779
Wingdings 2,121,79,10106,277A
Wingdings 2,122,7A,10107,277B
Wingdings 2,123,7B,10108,277C
Wingdings 2,124,7C,10109,277D
Wingdings 2,125,7D,10110,277E
Wingdings 2,126,7E,10111,277F
Wingdings 2,128,80,9737,2609
Wingdings 2,129,81,127765,1F315
Wingdings 2,130,82,9789,263D
Wingdings 2,131,83,9790,263E
Wingdings 2,132,84,11839,2E3F
Wingdings 2,133,85,10013,271D
Wingdings 2,134,86,128327,1F547
Wingdings 2,135,87,128348,1F55C
Wingdings 2,136,88,128349,1F55D
Wingdings 2,137,89,128350,1F55E
Wingdings 2,138,8A,128351,1F55F
Wingdings 2,139,8B,128352,1F560
Wingdings 2,140,8C,128353,1F561
Wingdings 2,141,8D,128354,1F562
Wingdings 2,142,8E,128355,1F563
Wingdings 2,143,8F,128356,1F564
Wingdings 2,144,90,128357,1F565
Wingdings 2,145,91,128358,1F566
Wingdings 2,146,92,128359,1F567
Wingdings 2,147,93,128616,1F668
Wingdings 2,148,94,128617,1F669
Wingdings 2,149,95,8901,22C5
Wingdings 2,150,96,128900,1F784
Wingdings 2,151,97,10625,2981
Wingdings 2,152,98,9679,25CF
Wingdings 2,153,99,9675,25CB
Wingdings 2,154,9A,128901,1F785
Wingdings 2,155,9B,128903,1F787
Wingdings 2,156,9C,128905,1F789
Wingdings 2,157,9D,8857,2299
Wingdings 2,158,9E,10687,29BF
Wingdings 2,159,9F,128908,1F78C
Wingdings 2,160,A0,128909,1F78D
Wingdings 2,161,A1,9726,25FE
Wingdings 2,162,A2,9632,25A0
Wingdings 2,163,A3,9633,25A1
Wingdings 2,164,A4,128913,1F791
Wingdings 2,165,A5,128914,1F792
Wingdings 2,166,A6,128915,1F793
Wingdings 2,167,A7,128916,1F794
Wingdings 2,168,A8,9635,25A3
Wingdings 2,169,A9,128917,1F795
Wingdings 2,170,AA,128918,1F796
Wingdings 2,171,AB,128919,1F797
Wingdings 2,172,AC,128920,1F798
Wingdings 2,173,AD,11049,2B29
Wingdings 2,174,AE,11045,2B25
Wingdings 2,175,AF,9671,25C7
Wingdings 2,176,B0,128922,1F79A
Wingdings 2,177,B1,9672,25C8
Wingdings 2,178,B2,128923,1F79B
Wingdings 2,179,B3,128924,1F79C
Wingdings 2,180,B4,128925,1F79D
Wingdings 2,181,B5,128926,1F79E
Wingdings 2,182,B6,11050,2B2A
Wingdings 2,183,B7,11047,2B27
Wingdings 2,184,B8,9674,25CA
Wingdings 2,185,B9,128928,1F7A0
Wingdings 2,186,BA,9686,25D6
Wingdings 2,187,BB,9687,25D7
Wingdings 2,188,BC,11210,2BCA
Wingdings 2,189,BD,11211,2BCB
Wingdings 2,190,BE,11200,2BC0
Wingdings 2,191,BF,11201,2BC1
Wingdings 2,192,C0,11039,2B1F
Wingdings 2,193,C1,11202,2BC2
Wingdings 2,194,C2,11043,2B23
Wingdings 2,195,C3,11042,2B22
Wingdings 2,196,C4,11203,2BC3
Wingdings 2,197,C5,11204,2BC4
Wingdings 2,198,C6,128929,1F7A1
Wingdings 2,199,C7,128930,1F7A2
Wingdings 2,200,C8,128931,1F7A3
Wingdings 2,201,C9,128932,1F7A4
Wingdings 2,202,CA,128933,1F7A5
Wingdings 2,203,CB,128934,1F7A6
Wingdings 2,204,CC,128935,1F7A7
Wingdings 2,205,CD,128936,1F7A8
Wingdings 2,206,CE,128937,1F7A9
Wingdings 2,207,CF,128938,1F7AA
Wingdings 2,208,D0,128939,1F7AB
Wingdings 2,209,D1,128940,1F7AC
Wingdings 2,210,D2,128941,1F7AD
Wingdings 2,211,D3,128942,1F7AE
Wingdings 2,212,D4,128943,1F7AF
Wingdings 2,213,D5,128944,1F7B0
Wingdings 2,214,D6,128945,1F7B1
Wingdings 2,215,D7,128946,1F7B2
Wingdings 2,216,D8,128947,1F7B3
Wingdings 2,217,D9,128948,1F7B4
Wingdings 2,218,DA,128949,1F7B5
Wingdings 2,219,DB,128950,1F7B6
Wingdings 2,220,DC,128951,1F7B7
Wingdings 2,221,DD,128952,1F7B8
Wingdings 2,222,DE,128953,1F7B9
Wingdings 2,223,DF,128954,1F7BA
Wingdings 2,224,E0,128955,1F7BB
Wingdings 2,225,E1,128956,1F7BC
Wingdings 2,226,E2,128957,1F7BD
Wingdings 2,227,E3,128958,1F7BE
Wingdings 2,228,E4,128959,1F7BF
Wingdings 2,229,E5,128960,1F7C0
Wingdings 2,230,E6,128962,1F7C2
Wingdings 2,231,E7,128964,1F7C4
Wingdings 2,232,E8,128966,1F7C6
Wingdings 2,233,E9,128969,1F7C9
Wingdings 2,234,EA,128970,1F7CA
Wingdings 2,235,EB,10038,2736
Wingdings 2,236,EC,128972,1F7CC
Wingdings 2,237,ED,128974,1F7CE
Wingdings 2,238,EE,128976,1F7D0
Wingdings 2,239,EF,128978,1F7D2
Wingdings 2,240,F0,10041,2739
Wingdings 2,241,F1,128963,1F7C3
Wingdings 2,242,F2,128967,1F7C7
Wingdings 2,243,F3,10031,272F
Wingdings 2,244,F4,128973,1F7CD
Wingdings 2,245,F5,128980,1F7D4
Wingdings 2,246,F6,11212,2BCC
Wingdings 2,247,F7,11213,2BCD
Wingdings 2,248,F8,8251,203B
Wingdings 2,249,F9,8258,2042
Wingdings 3,32,20,32,20
Wingdings 3,33,21,11104,2B60
Wingdings 3,34,22,11106,2B62
Wingdings 3,35,23,11105,2B61
Wingdings 3,36,24,11107,2B63
Wingdings 3,37,25,11110,2B66
Wingdings 3,38,26,11111,2B67
Wingdings 3,39,27,11113,2B69
Wingdings 3,40,28,11112,2B68
Wingdings 3,41,29,11120,2B70
Wingdings 3,42,2A,11122,2B72
Wingdings 3,43,2B,11121,2B71
Wingdings 3,44,2C,11123,2B73
Wingdings 3,45,2D,11126,2B76
Wingdings 3,46,2E,11128,2B78
Wingdings 3,47,2F,11131,2B7B
Wingdings 3,48,30,11133,2B7D
Wingdings 3,49,31,11108,2B64
Wingdings 3,50,32,11109,2B65
Wingdings 3,51,33,11114,2B6A
Wingdings 3,52,34,11116,2B6C
Wingdings 3,53,35,11115,2B6B
Wingdings 3,54,36,11117,2B6D
Wingdings 3,55,37,11085,2B4D
Wingdings 3,56,38,11168,2BA0
Wingdings 3,57,39,11169,2BA1
Wingdings 3,58,3A,11170,2BA2
Wingdings 3,59,3B,11171,2BA3
Wingdings 3,60,3C,11172,2BA4
Wingdings 3,61,3D,11173,2BA5
Wingdings 3,62,3E,11174,2BA6
Wingdings 3,63,3F,11175,2BA7
Wingdings 3,64,40,11152,2B90
Wingdings 3,65,41,11153,2B91
Wingdings 3,66,42,11154,2B92
Wingdings 3,67,43,11155,2B93
Wingdings 3,68,44,11136,2B80
Wingdings 3,69,45,11139,2B83
Wingdings 3,70,46,11134,2B7E
Wingdings 3,71,47,11135,2B7F
Wingdings 3,72,48,11140,2B84
Wingdings 3,73,49,11142,2B86
Wingdings 3,74,4A,11141,2B85
Wingdings 3,75,4B,11143,2B87
Wingdings 3,76,4C,11151,2B8F
Wingdings 3,77,4D,11149,2B8D
Wingdings 3,78,4E,11150,2B8E
Wingdings 3,79,4F,11148,2B8C
Wingdings 3,80,50,11118,2B6E
Wingdings 3,81,51,11119,2B6F
Wingdings 3,82,52,9099,238B
Wingdings 3,83,53,8996,2324
Wingdings 3,84,54,8963,2303
Wingdings 3,85,55,8997,2325
Wingdings 3,86,56,9251,2423
Wingdings 3,87,57,9085,237D
Wingdings 3,88,58,8682,21EA
Wingdings 3,89,59,11192,2BB8
Wingdings 3,90,5A,129184,1F8A0
Wingdings 3,91,5B,129185,1F8A1
Wingdings 3,92,5C,129186,1F8A2
Wingdings 3,93,5D,129187,1F8A3
Wingdings 3,94,5E,129188,1F8A4
Wingdings 3,95,5F,129189,1F8A5
Wingdings 3,96,60,129190,1F8A6
Wingdings 3,97,61,129191,1F8A7
Wingdings 3,98,62,129192,1F8A8
Wingdings 3,99,63,129193,1F8A9
Wingdings 3,100,64,129194,1F8AA
Wingdings 3,101,65,129195,1F8AB
Wingdings 3,102,66,129104,1F850
Wingdings 3,103,67,129106,1F852
Wingdings 3,104,68,129105,1F851
Wingdings 3,105,69,129107,1F853
Wingdings 3,106,6A,129108,1F854
Wingdings 3,107,6B,129109,1F855
Wingdings 3,108,6C,129111,1F857
Wingdings 3,109,6D,129110,1F856
Wingdings 3,110,6E,129112,1F858
Wingdings 3,111,6F,129113,1F859
Wingdings 3,112,70,9650,25B2
Wingdings 3,113,71,9660,25BC
Wingdings 3,114,72,9651,25B3
Wingdings 3,115,73,9661,25BD
Wingdings 3,116,74,9664,25C0
Wingdings 3,117,75,9654,25B6
Wingdings 3,118,76,9665,25C1
Wingdings 3,119,77,9655,25B7
Wingdings 3,120,78,9699,25E3
Wingdings 3,121,79,9698,25E2
Wingdings 3,122,7A,9700,25E4
Wingdings 3,123,7B,9701,25E5
Wingdings 3,124,7C,128896,1F780
Wingdings 3,125,7D,128898,1F782
Wingdings 3,126,7E,128897,1F781
Wingdings 3,128,80,128899,1F783
Wingdings 3,129,81,11205,2BC5
Wingdings 3,130,82,11206,2BC6
Wingdings 3,131,83,11207,2BC7
Wingdings 3,132,84,11208,2BC8
Wingdings 3,133,85,11164,2B9C
Wingdings 3,134,86,11166,2B9E
Wingdings 3,135,87,11165,2B9D
Wingdings 3,136,88,11167,2B9F
Wingdings 3,137,89,129040,1F810
Wingdings 3,138,8A,129042,1F812
Wingdings 3,139,8B,129041,1F811
Wingdings 3,140,8C,129043,1F813
Wingdings 3,141,8D,129044,1F814
Wingdings 3,142,8E,129046,1F816
Wingdings 3,143,8F,129045,1F815
Wingdings 3,144,90,129047,1F817
Wingdings 3,145,91,129048,1F818
Wingdings 3,146,92,129050,1F81A
Wingdings 3,147,93,129049,1F819
Wingdings 3,148,94,129051,1F81B
Wingdings 3,149,95,129052,1F81C
Wingdings 3,150,96,129054,1F81E
Wingdings 3,151,97,129053,1F81D
Wingdings 3,152,98,129055,1F81F
Wingdings 3,153,99,129024,1F800
Wingdings 3,154,9A,129026,1F802
Wingdings 3,155,9B,129025,1F801
Wingdings 3,156,9C,129027,1F803
Wingdings 3,157,9D,129028,1F804
Wingdings 3,158,9E,129030,1F806
Wingdings 3,159,9F,129029,1F805
Wingdings 3,160,A0,129031,1F807
Wingdings 3,161,A1,129032,1F808
Wingdings 3,162,A2,129034,1F80A
Wingdings 3,163,A3,129033,1F809
Wingdings 3,164,A4,129035,1F80B
Wingdings 3,165,A5,129056,1F820
Wingdings 3,166,A6,129058,1F822
Wingdings 3,167,A7,129060,1F824
Wingdings 3,168,A8,129062,1F826
Wingdings 3,169,A9,129064,1F828
Wingdings 3,170,AA,129066,1F82A
Wingdings 3,171,AB,129068,1F82C
Wingdings 3,172,AC,129180,1F89C
Wingdings 3,173,AD,129181,1F89D
Wingdings 3,174,AE,129182,1F89E
Wingdings 3,175,AF,129183,1F89F
Wingdings 3,176,B0,129070,1F82E
Wingdings 3,177,B1,129072,1F830
Wingdings 3,178,B2,129074,1F832
Wingdings 3,179,B3,129076,1F834
Wingdings 3,180,B4,129078,1F836
Wingdings 3,181,B5,129080,1F838
Wingdings 3,182,B6,129082,1F83A
Wingdings 3,183,B7,129081,1F839
Wingdings 3,184,B8,129083,1F83B
Wingdings 3,185,B9,129176,1F898
Wingdings 3,186,BA,129178,1F89A
Wingdings 3,187,BB,129177,1F899
Wingdings 3,188,BC,129179,1F89B
Wingdings 3,189,BD,129084,1F83C
Wingdings 3,190,BE,129086,1F83E
Wingdings 3,191,BF,129085,1F83D
Wingdings 3,192,C0,129087,1F83F
Wingdings 3,193,C1,129088,1F840
Wingdings 3,194,C2,129090,1F842
Wingdings 3,195,C3,129089,1F841
Wingdings 3,196,C4,129091,1F843
Wingdings 3,197,C5,129092,1F844
Wingdings 3,198,C6,129094,1F846
Wingdings 3,199,C7,129093,1F845
Wingdings 3,200,C8,129095,1F847
Wingdings 3,201,C9,11176,2BA8
Wingdings 3,202,CA,11177,2BA9
Wingdings 3,203,CB,11178,2BAA
Wingdings 3,204,CC,11179,2BAB
Wingdings 3,205,CD,11180,2BAC
Wingdings 3,206,CE,11181,2BAD
Wingdings 3,207,CF,11182,2BAE
Wingdings 3,208,D0,11183,2BAF
Wingdings 3,209,D1,129120,1F860
Wingdings 3,210,D2,129122,1F862
Wingdings 3,211,D3,129121,1F861
Wingdings 3,212,D4,129123,1F863
Wingdings 3,213,D5,129124,1F864
Wingdings 3,214,D6,129125,1F865
Wingdings 3,215,D7,129127,1F867
Wingdings 3,216,D8,129126,1F866
Wingdings 3,217,D9,129136,1F870
Wingdings 3,218,DA,129138,1F872
Wingdings 3,219,DB,129137,1F871
Wingdings 3,220,DC,129139,1F873
Wingdings 3,221,DD,129140,1F874
Wingdings 3,222,DE,129141,1F875
Wingdings 3,223,DF,129143,1F877
Wingdings 3,224,E0,129142,1F876
Wingdings 3,225,E1,129152,1F880
Wingdings 3,226,E2,129154,1F882
Wingdings 3,227,E3,129153,1F881
Wingdings 3,228,E4,129155,1F883
Wingdings 3,229,E5,129156,1F884
Wingdings 3,230,E6,129157,1F885
Wingdings 3,231,E7,129159,1F887
Wingdings 3,232,E8,129158,1F886
Wingdings 3,233,E9,129168,1F890
Wingdings 3,234,EA,129170,1F892
Wingdings 3,235,EB,129169,1F891
Wingdings 3,236,EC,129171,1F893
Wingdings 3,237,ED,129172,1F894
Wingdings 3,238,EE,129174,1F896
Wingdings 3,239,EF,129173,1F895
Wingdings 3,240,F0,129175,1F897
